Time,FPR
0,0.0
1,0.0
2,0.00333333333333
3,0.01
4,0.016
5,0.02
6,0.0271428571429
7,0.0325
8,0.04
9,0.041
10,0.0454545454545
11,0.0491666666667
12,0.0515384615385
13,0.0571428571429
14,0.0586666666667
15,0.061875
16,0.0641176470588
17,0.0694444444444
18,0.0763157894737
19,0.079
20,0.0814285714286
21,0.0840909090909
22,0.0869565217391
23,0.0908333333333
24,0.094
25,0.0996153846154
26,0.102962962963
27,0.108214285714
28,0.111379310345
29,0.118
